{
  "project_info": {
    "project_number": "540981064560",
    "project_id": "fir-deneme-6249c",
    "storage_bucket": "fir-deneme-6249c.appspot.com"
  },
  "client": [
    {
      "client_info": {
        "mobilesdk_app_id": "1:540981064560:android:baec4eda1da17ea2c415b5",
        "android_client_info": {
          "package_name": "com.example.firebase"
        }
      },
      "oauth_client": [],
      "api_key": [
        {
          "current_key": "AIzaSyCruOs4eWUfVhbiTJeYtwnGe13M5sC0348"
        }
      ],
      "services": {
        "appinvite_service": {
          "other_platform_oauth_client": []
        }
      }
    }
  ],
  "configuration_version": "1"
}